effector_pop,total_tumor_pop,days
1000.0,100000.0,1
1682.738479725993,100570.27553528821,2
3233.423187894653,99427.80030646909,3
6613.4005066961945,94628.14173382848,4
13085.761499693075,83574.64976442342,5
22946.039548538407,65489.770813352654,6
33208.526524872424,46055.81615782489,7
40582.77306836114,31747.537150762768,8
44393.42603972126,24058.76125651165,9
45930.1170018254,20644.31323321173,10
46345.0111103916,19353.3148821218,11
46266.993009526035,19004.627113944982,12
45983.81829724408,19056.74063864983,13
45617.488067130485,19279.9501153054,14
45219.04839485275,19578.159768795318,15
44809.739753358444,19911.4058923848,16
44398.44584490606,20262.99459264399,17
43988.88730861346,20625.95385673351,18
43582.620593822234,20997.386898883902,19
43180.29190293672,21376.11170070539,20
42782.16261766627,21761.672217488416,21
42388.33029819272,22153.922601011804,22
41998.82297060699,22552.849861303872,23
41613.6389002003,22958.499071435162,24
41232.76377727616,23370.941042510847,25
40856.175922220566,23790.253272261893,26
40483.85726327058,24216.536424536378,27
40115.7874771881,24649.86935333456,28
39751.94591078223,25090.343063183976,29
39392.31263334431,25538.049432763004,30
39036.86920886316,25993.07931273999,31
38685.59870434183,26455.52250561357,32
38338.485689797475,26925.467765712674,33
37995.51623826146,27403.002799196503,34
37656.677925779295,27888.21426405455,35
37321.95983141066,28381.187770106597,36
36991.3525372294,28882.007879002696,37
36664.84812832353,29390.758104223198,38
36342.44019279522,29907.52091107874,39
36024.26162480897,30431.992234355494,40
35710.54275191145,30963.603904188018,41
35401.20827973184,31502.649470644003,42
35096.183095928034,32049.424013720945,43
34795.401109930855,32604.19934881148,44
34498.805252944076,33167.22402670337,45
34206.347477944415,33738.72333357954,46
33917.988759681495,34318.89929101801,47
33633.69909467792,34907.93065599197,48
33353.4575012292,35505.972920869746,49
33077.25201940379,36113.15831341478,50
32805.07971104311,36729.595796785674,51
32536.946659761466,37355.37106953614,52
32272.867970946154,37990.546565615055,53
32012.86777175737,38635.16145436642,54
31756.979211128277,39289.23164052937,55
31505.244459764956,39952.74976423818,56
31257.71471014643,40625.68520102227,57
31014.450176524664,41307.98406180618,58
30775.520094924563,41999.56919290959,59
30541.002723143964,42700.34017604735,60
30310.985340753647,43410.17332832939,61
30085.564249097326,44128.92170226082,62
29864.84477129165,44856.41508574187,63
29648.941252226214,45592.46000206791,64
29437.977058563552,46336.83970992947,65
29232.084578739123,47089.314203412156,66
29031.40522296134,47849.620211996764,67
28836.089423211542,48617.47120055923,68
28646.296633244016,49392.55736937058,69
28462.195328585978,50174.54565409703,70
28283.963006537586,50963.07972579989,71
28111.786186171932,51757.77999093564,72
27945.86040833506,52558.24359135587,73
27786.390235645926,53364.04440430734,74
27633.589252496455,54174.73304243189,75
27487.680065051485,54989.83685376658,76
27348.894301248813,55808.85992174352,77
27217.47261079915,56631.283065190015,78
27093.66466518616,57456.56383832849,79
26977.729157666447,58284.13653077649,80
26869.93380326955,59113.41216754673,81
26770.555338797938,59943.77850904704,82
26679.879522827032,60774.600051080386,83
26598.201135705174,61605.218024844886,84
26525.823979553665,62434.95039693377,85
26463.060878266733,63263.091869335425,86
26410.233677511533,64088.91387943338,87
26367.67324472818,64911.664600006276,88
26335.719469129705,65730.56893922792,89
26314.454787206374,66544.98130631144,90
26304.14095950305,67353.54472975648,91
26305.764733014097,68154.00429634676,92
26320.311170958772,68944.05055768379,93
26348.752784902143,69721.3296165603,94
26392.04953475509,70483.44312696018,95
26451.14882877429,71227.94829405856,96
26526.985523562238,71952.35787422175,97
26620.48192406723,72654.14017500727,98
26732.547783583377,73330.7190551638,99
26864.080303750583,73979.4739246313,100
27015.964134554575,74597.73974454083,101
27189.07137432688,75182.80702721473,102
27384.261569744827,75731.92183616648,103
27602.38171583157,76242.28578610084,104
27844.26625595605,76711.05604291365,105
28110.73708183303,77135.34532369206,106
28402.60353352307,77512.22189671436,107
28720.66239943255,77838.70958145005,108
29065.697916313642,78111.78774855984,109
29438.48176926434,78328.39131989564,110
29839.77309172844,78485.41076850056,111
30270.318465495537,78579.69211860886,112
30730.851920701043,78608.03694564606,113
31222.094935826182,78567.20237622887,114
31744.75643769797,78453.90108816519,115
32299.532801489255,78264.8013104541,116
32887.10785071866,77996.52682328591,117
33508.152857250636,77645.65695804212,118
34163.326541295435,77208.7265972954,119
34853.20357969625,76682.49316957284,120
35577.294825123085,76066.34872996047,121
36334.458349065986,75359.78309879306,122
37123.383585197575,74562.51543846622,123
37942.55308092533,73674.8264026457,124
38790.24249739149,72697.55813626735,125
39664.5206094731,71632.11427553717,126
40563.24930578199,70480.45994793123,127
41484.08358866482,69245.12177219572,128
42424.47157420304,67929.18785834694,129
43381.65449221289,66536.30780767133,130
44352.6666862454,65070.69271272542,131
45334.33561358643,63537.11515733585,132
46323.28184525662,61940.90921659938,133
47315.91906601141,60287.97045688287,134
48308.45407434104,58584.75593582333,135
49296.88678247055,56838.28420232783,136
50277.01021635979,55056.135296573586,137
51244.41051570339,53246.450750007934,138
52194.46693393079,51417.93358534829,139
53122.35183820624,49579.8483165822,140
54023.56661342378,47740.54904354123,141
54895.25491079394,45905.69784799514,142
55734.85679412528,44081.60619582639,143
56540.03414095248,42274.20015092987,144
57308.676697365576,40488.9942713483,145
58038.90207800992,38731.09160927219,146
58729.05576608621,37005.183711039856,147
59377.711113350495,35315.550617137415,148
59983.669340114146,33666.06086219879,149
60545.95953524389,32060.17147500572,150
61063.838656161795,30500.927978487736,151
61536.791528845235,28990.964389722172,152
61964.53084782697,27532.50321993417,153
62346.99717619507,26127.355474496682,154
62684.358945592976,24776.92065293045,155
62977.012456219425,23482.186748904038,156
63225.58187682851,22243.730250233795,157
63430.91924472969,21061.71613888388,158
63594.10446578772,19935.897890966266,159
63716.445314422745,18865.61747674073,160
63799.519644553184,17849.798166747372,161
63845.7406484589,16886.70025604431,162
63857.05662199753,15974.133963501665,163
63835.13142789664,15109.942680343265,164
63781.60152085699,14292.021409604278,165
63698.07594755258,13518.316766131196,166
63586.13634663066,12786.826976581842,167
63447.33694871168,12095.601879425365,168
63283.204576389355,11442.742924942251,169
63095.23864423059,10826.40317522431,170
62884.911158775554,10244.787304174684,171
62653.66671853763,9696.151597507842,172
62402.92251400343,9178.80395274958,173
62134.06832763282,8691.10387923703,174
61848.46653385887,8231.462498118646,175
61547.452099087874,7798.342542354223,176
61232.33258169939,7390.258356714872,177
60904.38813204618,7005.775897783044,178
60564.871492454244,6643.51273395251,179
60215.00799722281,6302.138045428383,180
59855.99557262434,5980.372624227086,181
59489.00473690453,5676.988874176393,182
59115.1786002823,5390.810810915393,183
58735.53765561166,5120.741999146098,184
58349.71293071801,4866.13089576271,185
57957.93482132003,4626.175277441626,186
57560.801504194314,4399.9972865557365,187
57158.88474704329,4186.760405519089,188
56752.72990849519,3985.669456786898,189
56342.85593810402,3795.970602855541,190
55929.75537634959,3616.951346262558,191
55513.89435463753,3447.940529586652,192
55095.71259529925,3288.3083354476903,193
54675.623411591965,3137.466286506702,194
54254.01370769869,2994.867245465881,195
53831.243978728235,2860.0054150685824,196
53407.64831071521,2732.416338099326,197
52983.53438062004,2611.676897383796,198
52559.18345632893,2497.4053157888357,199
52134.850396653885,2389.2611562224565,200
51710.76365133273,2286.945321633831,201
51287.125261029076,2190.200055013294,202
50864.110857332314,2098.8089393923433,203
50441.869662757665,2012.5968978436426,204
50020.63963248808,1931.1519251326215,205
49600.70572198694,1853.9049307295504,206
49182.20223972997,1780.626699301515,207
48765.25619536395,1711.0994665408903,208
48349.98822642131,1645.114729763484,209
47936.51259832012,1582.4732479085362,210
47524.93720436411,1522.9850415387182,211
47115.36356574265,1466.4693928401337,212
46707.88683153076,1412.7548456223183,213
46302.59577868912,1361.6792053182398,214
45899.57281206404,1313.089538984298,215
45498.893964387484,1266.8421753003247,216
45100.62889627708,1222.8027045695837,217
44704.84089623609,1180.8459787187708,218
44311.58688065341,1140.856111298014,219
43920.91739380362,1102.7264774808732,220
43532.87660784692,1066.3597140643406,221
43147.50232282918,1031.6677194688396,222
42764.82596668189,998.5716537382266,223
42384.87259522222,967.0019385397895,224
42007.666880831144,936.8876179165626,225
41633.25671019535,908.1110034113275,226
41261.65924993997,880.6027046710896,227
40892.88505164439,854.3045450673176,228
40526.94351106258,829.1602605410512,229
40163.84286812304,805.1154996029015,230
39803.590206928915,782.1178233330505,231
39446.19145575792,760.1167053812516,232
39091.65138706235,739.0635319668291,233
38739.973617469084,718.9116018786788,234
38391.16060777961,699.6161264752675,235
38045.21366296997,681.1342296846333,236
37702.13293219083,663.4249480043852,237
37361.9174087674,646.4492305017036,238
37024.5649301995,630.1699388133402,239
36690.07217816156,614.5518471456177,240
36358.43467850255,599.5616422744299,241
36029.64680124606,585.167923545242,242
35703.70176059025,571.3412028730901,243
35380.591614907884,558.0539047425818,244
35060.307266746284,545.2803662078957,245
34742.83846282739,532.9968368927814,246
34428.17379404771,521.1814789905602,247
34116.30069547835,509.814367264124,248
33807.20544636498,498.8774890459361,249
33500.87317012789,488.3547442380311,250
33197.28783436193,478.2319453120147,251
32896.43225083656,468.49681730906383,252
32598.28807549579,459.13899783992656,253
32302.83807003221,450.14476864941616,254
32010.077060763128,441.47203295736614,255
31719.98867630292,433.1053391271281,256
31432.554022629178,425.03539107447426,257
31147.75423254769,417.2530699337651,258
30865.57046569245,409.74943405794943,259
30585.983908525643,402.51571901856437,260
30308.975774337658,395.54333760573513,261
30034.527303247072,388.8238798281753,262
29762.619762200677,382.3491129131868,263
29493.23444497345,376.1109813066597,264
29226.352672168563,370.1016066730724,265
28961.955791217406,364.31328789549156,266
28700.025176379546,358.738501075572,267
28440.542228742765,353.369899533557,268
28183.48837622303,348.2003138082779,269
27928.845073564516,343.2227516571545,270
27676.59380233959,338.4303980561947,271
27426.71607094882,333.81661519999477,272
27179.193414620975,329.37494250173927,273
26934.00739541302,325.0990965932009,274
26691.139602210118,320.9829713247406,275
26450.57165072563,317.0206377653078,276
26212.285183501113,313.2063442024401,277
25976.26186990633,309.5345161422632,278
25742.483406139243,305.9997563094913,279
25510.931515225995,302.5968446474268,280
25281.587947020944,299.32073831796004,281
25054.434478206647,296.16657170157026,282
24829.45291229385,293.1296563973244,283
24606.625079621506,290.205481222878,284
24385.932837356755,287.3897122144747,285
24167.35806949495,284.6781926269465,286
23950.882686859633,282.06694293371356,287
23736.488627102543,279.5521608267843,288
23524.157854703622,277.13022121675556,289
23313.872360971014,274.79767623281236,290
23105.61416404105,272.55125522272806,291
22899.365308878274,270.38786475286395,292
22695.107867275412,268.30458860817015,293
22492.8239378534,266.2986877921844,294
22292.495646061372,264.3676005270334,295
22094.105144176654,262.50894225343154,296
21897.63461130478,260.72050563068177,297
21703.066253379464,259.0002605366751,298
21510.38230316264,257.3463540678912,299
21319.565020244434,255.75711053939744,300
21130.59669104316,254.23103148484998,301
20943.45962880534,252.76679565649277,302
20758.136173605693,251.3632590251587,303
20574.608503894713,250.0195821019003,304
20392.858053667776,248.7359233777581,305
20212.868543504388,247.51157180121822,306
20034.62422022042,246.3455964119503,307
19858.109428305936,245.23708466362234,308
19683.308609925196,244.1851424239007,309
19510.206304916654,243.18889397445005,310
19338.78715079296,242.2474820109335,311
19169.035882740965,241.36006764301248,312
19000.937333621718,240.52583039434683,313
18834.47643397045,239.7439682025947,314
18669.6382119966,239.0136974194126,315
18506.4077935838,238.3342528104555,316
18344.770402289876,237.70488755537662,317
18184.71135934686,237.1248732478276,318
18026.216083660962,236.59349989545842,319
17869.2700918126,236.1100759199175,320
17713.85899805639,235.6739281568515,321
17559.96851432113,235.28440185590557,322
17407.584450209833,234.94086068072312,323
17256.6927129997,234.642686708946,324
17107.27930764212,234.38928043221438,325
16959.330336762687,234.18006075616682,326
16812.832000661187,234.01446500044023,327
16667.770597311603,233.8919488986699,328
16524.132522362117,233.81198659848948,329
16381.90426913511,233.77407066153097,330
16241.07242862714,233.77771206342476,331
16101.623689508986,233.82244019379954,332
15963.544838125603,233.90780285628247,333
15826.822758496159,234.033366268499,334
15691.444432314001,234.19871506207298,335
15557.396938946684,234.40345228262657,336
15424.667455435954,234.64719938978035,337
15293.243256497755,234.9295962571533,338
15163.111714522229,235.25030117236264,339
15034.260299573707,235.60899083702407,340
14906.67657939072,236.0053603667516,341
14780.348219385998,236.4391232911576,342
14655.262982646465,236.91001155385288,343
14531.408729933237,237.4177755124465,344
14408.773419681627,237.96218393854596,345
14287.345108001151,238.54302401775712,346
14167.111948675512,239.16010134968417,347
14048.062193162616,239.81323994792973,348
13930.184190594557,240.50228224009467,349
13813.466387777638,241.22708906777837,350
13697.897329192341,241.98753968657843,351
13583.465656993361,242.78353176609093,352
13470.160111009574,243.6149813899103,353
13357.969528744066,244.48182305562923,354
13246.8828453741,245.38400967483892,355
13136.88909375116,246.3215125731288,356
13027.977404400903,247.2943214900868,357
12920.13688827879,248.30242982437719,358
12813.344453793583,249.34431603923608,359
12707.582698502054,250.41922745797453,360
12602.843259745401,251.52756251570068,361
12499.117811719654,252.66972798088386,362
12396.398065475685,253.84613895535475,363
12294.6757689192,255.0572188743052,364
12193.942706810749,256.3033995062884,365
12094.19070076571,257.5851209532187,366
11995.411609254308,258.9028316503718,367
11897.597327601596,260.25698836638463,368
11800.739787987472,261.6480562032554,369
11704.83095944667,263.07650859634356,370
11609.862847868759,264.5428273143698,371
11515.827495998148,266.0475024594161,372
11422.716983434078,267.5910324669256,373
11330.52342663064,269.1739241057029,374
11239.238978896748,270.7966924779137,375
11148.855830396164,272.45986101908505,376
11059.366208147478,274.1639614981051,377
10970.762376024128,275.9095340172235,378
10883.03663475438,277.697127012051,379
10796.181321921349,279.5272972515596,380
10710.188811962973,281.40060983808263,381
10625.05151617204,283.31763820731464,382
10540.761882696166,285.2789641283115,383
10457.31239653781,287.2851777034902,384
10374.695579554269,289.3368773686292,385
10292.903990457677,291.434669892868,386
10211.930224815003,293.5791703787075,387
10131.766915048052,295.7710022620098,388
10052.406730433473,298.0107973119983,389
9973.842377102746,300.29919563125765,390
9896.066598042196,302.6368456557337,391
9819.072173092976,305.02440415473365,392
9742.851918951083,307.4625362309259,393
9667.39868916735,309.95191532034016,394
9592.705374147446,312.4932231923673,395
9518.764901151882,315.0871499497596,396
9445.570234296001,317.7343940286304,397
9373.114374549985,320.4356621984545,398
9301.390359738858,323.1916695620679,399
9230.391264542473,326.00313955566776,400
9160.110200495528,328.8708039488126,401
9090.540315987555,331.79540284442214,402
9021.674796262927,334.77768467877746,403
8953.506863420846,337.8184062215208,404
8886.029776415362,340.91833257565565,405
8819.236831055356,344.0782371775469,406
8753.12136000455,347.2989017969205,407
8687.676732781498,350.5811165368639,408
8622.8963557596,353.92567983382537,409
8558.773672167086,357.33339845761503,410
8495.302162087026,360.80508751140394,411
8432.475342457328,364.34157043172434,412
8370.28676707074,367.94367898846986,413
8308.73002657484,371.61225328489536,414
8247.79874847205,375.34814175761704,415
8187.486597119631,379.15220117661227,416
8127.787273729675,383.02529664521956,417
8068.694516369114,386.96830160013894,418
8010.20209995972,390.9820978114316,419
7952.3038362781,395.06757538251986,420
7894.9935739556995,399.2256327501875,421
7838.265198478801,403.45717668457945,422
7782.112632188525,407.7631222892018,423
7726.529834280828,412.14439300092215,424
7671.510800806505,416.60192058996915,425
7617.049564671193,421.1366451599328,426
7563.140195635358,425.7495151477643,427
7509.7768003143065,430.44148732377624,428
7456.953522178186,435.2135267916424,429
7404.664541551982,440.06660698839755,430
7352.904075615509,445.0017096844382,431
7301.666378403426,450.01982498352186,432
7250.945740805233,455.1219513227673,433
7200.736490565257,460.3090954726546,434
7151.0329922826695,465.582272537025,435
7101.8296474114795,470.9425059530811,436
7053.120894260532,476.39082749138674,437
7004.901207993506,481.9282772558672,438
6957.165100628927,487.55590368380854,439
6909.907121040149,493.2747635458585,440
6863.121854955369,499.085921946026,441
6816.803924957618,504.9904523216811,442
6770.947990484769,510.9894364435552,443
6725.548747829525,517.0839644157411,444
6680.600930139437,523.2751346756925,445
6636.09930741688,529.5640539942247,446
6592.038686519081,535.9518374755139,447
6548.413911158095,542.4396085570982,448
6505.219861900815,549.0284990098761,449
6462.451456168977,555.7196489381081,450
6420.10364823915,562.5142067794156,451
6378.171429242738,569.4133293047815,452
6336.649827165991,576.4181816185495,453
6295.533906849991,583.5299371584249,454
6254.818769990654,590.7497776954744,455
6214.5016136542135,598.0812839960405,456
6174.588657697038,605.5378120498763,457
6135.077917170586,613.1222376399611,458
6095.966005237163,620.835794068518,459
6057.249556819791,628.6797860119281,460
6018.925228602216,636.6555895207315,461
5980.9896990289035,644.7646520196269,462
5943.439668305036,653.0084923074712,463
5906.271858396523,661.3887005572807,464
5869.483013029991,669.9069383162295,465
5833.069897692782,678.5649385056507,466
5797.029299632969,687.3645054210363,467
5761.3580278593345,696.3075147320362,468
5726.05291314139,705.3959134824597,469
5691.110808009362,714.6317200902744,470
5656.528586754201,724.0170243476061,471
5622.303145427574,733.55398742074,472
5588.431401841872,743.2448418501193,473
5554.910295570205,753.0918915503461,474
5521.736787946403,763.097511810181,475
5488.907862065017,773.2641492925435,476
5456.420522781318,783.5943220345114,477
5424.2717967112985,794.0906194473212,478
5392.458732231669,804.7557023163679,479
5360.9783994798645,815.5923028012055,480
5329.827890354036,826.6032244355464,481
5299.004318513057,837.7913421272615,482
5268.5048193765215,849.1596021583803,483
5238.326550124744,860.7110221850915,484
5208.46668969876,872.4486912377414,485
5178.922438800322,884.3757697208359,486
5149.691019891908,896.495489413039,487
5120.769677196711,908.8111534671734,488
5092.1556766986505,921.3261364102204,489
5063.84630614236,934.0438841433202,490
5035.838875033198,946.9679139417713,491
5008.130714637244,960.1018144550306,492
4980.719177981292,973.4492457067145,493
4953.601639852863,987.0139390945967,494
4926.7754968001955,1000.7996973906111,495
4900.238167132246,1014.810394740849,496
4873.987090918698,1029.0499766655607,497
4848.019729989949,1043.522460059155,498
4822.33356793712,1058.2319331902,499
4796.926110112053,1073.182555701421,500
4771.794883627306,1088.3785586097038,501
4746.937437356164,1103.824244306091,502
4722.351341932628,1119.523986555785,503
4698.034189751419,1135.4822304981467,504
4673.983594967981,1151.703492646695,505
4650.197193498478,1168.1923608891077,506
4626.672643019792,1184.9534944872219,507
4603.407622969529,1201.9916240770322,508
4580.399834546013,1219.3115516686921,509
4557.647000708287,1236.918150646515,510
4535.146866176119,1254.816365768971,511
4512.897197429993,1273.0112131686903,512
4490.895782711115,1291.5077803524605,513
4469.140432021414,1310.3112262012291,514
4447.628977123534,1329.4267809701014,515
4426.359271540845,1348.8597462883413,516
4405.329190557433,1368.615495159372,517
4384.536631218107,1388.6994719607742,518
4363.979512328396,1409.1171924442879,519
4343.655774454548,1429.8742437358123,520
4323.563379923534,1450.9762843354042,521
4303.700312823041,1472.4290441172798,522
4284.064579001483,1494.2383243298127,523
4264.6542060679885,1516.4099975955369,524
4245.46724339241,1538.9500079111435,525
4226.5017621053175,1561.864370647483,526
4207.755855098003,1585.1591725495646,527
4189.227637022481,1608.8405717365554,528
4170.915244291482,1632.9147977017817,529
4152.816835078461,1657.3881513127283,530
4134.930589317591,1682.2670048110385,531
4117.254708703765,1707.5578018125148,532
4099.787416692598,1733.2670573071175,533
4082.5269585004253,1759.4013576589662,534
4065.4716011043024,1785.967360606338,535
4048.619633242005,1812.97179526167,536
4031.969365412028,1840.4214621115573,537
4015.519129873589,1868.3232330167536,538
3999.2672806466244,1896.6840512121717,539
3983.2121935117925,1925.5109313068813,540
3967.35226601047,1954.8109592841133,541
3951.6859174447563,1984.5912925012556,542
3936.2115888774683,2014.859159689855,543
3920.927743132146,2045.6218609556172,544
3905.8328647930493,2076.8867677784056,545
3890.925460205158,2108.6613230122434,546
3876.207094814421,2140.9572310800363,547
3861.6865090612605,2173.795971976408,548
3847.3625689668884,2207.18534203588,549
3833.2332972975746,2241.132156525496,550
3819.296769678249,2275.643494821152,551
3805.551114592496,2310.7267004075975,552
3791.9945133825613,2346.3893808784323,553
3778.6252002493466,2382.63940793611,554
3765.441462252411,2419.484917391936,555
3752.4416393099727,2456.934309166069,556
3739.624124198906,2494.996247287518,557
3726.987362554745,2533.6796598941473,558
3714.5298528716794,2572.9937392326706,559
3702.250146502559,2612.9479416586564,560
3690.14684765889,2653.551987636524,561
3678.2186134108356,2694.8158617395457,562
3666.4641536872186,2736.7498126498454,563
3654.8822312755187,2779.3643531584007,564
3643.4716618218736,2822.6702601650413,565
3632.2313138310774,2866.678574678448,566
3621.160108666585,2911.400601816155,567
3610.2570205505062,2956.847910804549,568
3599.52107656361,3003.032334978868,569
3588.9513566453234,3049.9659717832046,570
3578.5469935937294,3097.6611827705005,571
3568.307173065571,3146.130593602553,572
3558.231133576248,3195.387094050009,573
3548.318166499818,3245.4438379923704,574
3538.5676160689954,3296.314243417989,575
3528.978879375154,3348.011992424071,576
3519.551406368326,3400.5510312166734,577
3510.2846998571986,3453.945570110707,578
3501.178315509118,3508.210083529934,579
3492.2318618500904,3563.3593100069684,580
3483.4450002647764,3619.4082521832775,581
3474.8174449964963,3676.3721768091823,582
3466.3489631472276,3734.266614743853,583
3458.0393746776062,3793.107360955314,584
3449.8885524069256,3852.910474520443,585
3441.8964220131356,3913.692278624968,586
3434.0629620328464,3975.469360563471,587
3426.3882038613233,4038.258571739385,588
3418.8722317524916,4102.077027664996,589
3411.515182818933,4166.942107961445,590
3404.317247031888,4232.87145635872,591
3397.278667221254,4299.882980695664,592
3390.3997390755867,4367.994852919974,593
3383.6808111420987,4437.225509088196,594
3377.122284826662,4507.593649365734,595
3370.724614393805,4579.1182380268365,596
3364.488306966715,4651.818503454611,597
3358.4139225272347,4725.713938141015,598
3352.502073915869,4800.824298686857,599
3346.7534268317754,4877.169605801801,600
3341.1686998327737,4954.770144304358,601
3335.7486643353377,5033.646463121898,602
3330.494144614602,5113.819375290639,603
3325.4060178043574,5195.309957955653,604
3320.485213897053,5278.139552370863,605
3315.732715743796,5362.329763899047,606
3311.1495590543495,5447.9024620118325,607
3306.736832397137,5534.8797802897,608
3302.495677199238,5623.284116421985,609
3298.4272877463904,5713.138132206872,610
3294.5329111829906,5804.464753551398,611
3290.8138475120913,5897.287170471454,612
3287.2714495954033,5991.6288370917855,613
3283.907123153297,6087.513471645985,614
3280.7223267647983,6184.9650564765025,615
3277.718571867592,6284.007838034634,616
3274.8974227580197,6384.666326880537,617
3272.2604965910828,6486.96529768321,618
3269.8094633804385,6590.929789220517,619
3267.546045998402,6696.585104379163,620
3265.4720201759483,6803.956810154711,621
3263.589214502708,6913.070737651574,622
3261.8995104269693,7023.952982083019,623
3260.4048422556803,7136.629902771168,624
3259.107197154445,7251.12812314699,625
3258.008615147526,7367.474530750308,626
3257.111189117844,7485.6962772297975,627
3256.4170648069758,7605.820778342988,628
3255.928440815158,7727.875713956261,629
3255.647568601284,7851.88902804485,630
3255.5767524829052,7977.888928692838,631
3255.718349636231,8105.903888093164,632
3256.0747700961283,8235.96264254762,633
3256.648476756121,8368.094192466844,634
3257.4419853683926,8502.327802370339,635
3258.457864543783,8638.693000886444,636
3259.69873575179,8777.21958075236,637
3261.1672733205696,8917.937598814144,638
3262.8662044369357,9060.877376026696,639
3264.7983091463598,9206.069497453778,640
3266.9664203529705,9353.544812267992,641
3269.373423819555,9503.334433750802,642
3272.0222581675584,9655.469739292526,643
3274.9159148770837,9809.982370392325,644
3278.05743828689,9966.90423265822,645
3281.4499255943956,10126.267495807086,646
3285.0965268556774,10288.104593664637,647
3289.0004449854687,10452.448224165457,648
3293.164935757161,10619.33134935297,649
3297.593307802803,10788.787195379455,650
3302.288922613102,10960.849252506052,651
3307.255194537424,11135.55127510274,652
3312.4955907837893,11312.927281648357,653
3318.0136314188803,11493.011554730594,654
3323.812889368035,11675.838641045992,655
3329.896990415248,11861.44335139995,656
3336.269613203175,12049.860760706712,657
3342.934489233126,12241.126207989373,658
3349.8954028650714,12435.275296379894,659
3357.156191317638,12632.343893119072,660
3364.760796913942,12832.265836035707,661
3372.886882654424,13034.6432514987,662
3381.5394917752083,13239.532045979877,663
3390.701749473649,13447.044732525585,664
3400.358255668284,13657.28997513428,665
3410.4950849988304,13870.372588756534,666
3421.0997868261893,14086.39353929503,667
3432.161385232443,14305.449943604568,668
3443.670379020856,14527.635069492058,669
3455.6187417158735,14753.038335716525,670
3467.999921563124,14981.745311989105,671
3480.808841529418,15213.837718973053,672
3494.041899302745,15449.393428283727,673
3507.6969672922814,15688.48646248861,674
3521.7733926283818,15931.186995107293,675
3536.271997162583,16177.561350611479,676
3551.1950774676043,16427.672004424985,677
3566.5464048373474,16681.577582923743,678
3582.3312252868955,16939.332863435797,679
3598.5562595525134,17200.98877424131,680
3615.2297030916475,17466.592394572544,681
3632.3612260829277,17736.186954613888,682
3649.961973426164,18009.81183550184,683
3668.0445647423485,18287.50256932501,684
3686.6230943736573,18569.29083912413,685
3705.713131383445,18855.204478892025,686
3725.3317195562504,19145.26747357365,687
3745.497377397794,19439.49995906608,688
3766.2300981349777,19737.91822221848,689
3787.5513497158854,20040.534700832144,690
3809.484074809782,20347.35798366048,691
3832.0526908071174,20658.392810409005,692
3855.2830898195193,20973.640071735354,693
3879.2026386797997,21293.09680924926,694
3903.840178941952,21616.756215512585,695
3929.2260268811524,21944.607634039312,696
3955.391973493757,22276.63655929551,697
3982.371284497305,22612.824636699384,698
4010.1987003305176,22953.149662621247,699
4038.9104361532973,23297.58558438352,700
4068.5441818467298,23646.102500260742,701
4099.13910201308,23998.666659479564,702
4130.735835975799,24355.24046221875,703
4163.376497779515,24715.782459609178,704
4197.104676190042,25080.24735373384,705
4231.965434694373,25448.585997627844,706
4268.005311500684,25820.745395278398,707
4305.272319538333,26196.66870162484,708
4343.815946457862,26576.29522255862,709
4383.68715463099,26959.560414923286,710
4424.938381150623,27346.39588651451,711
4467.623537830845,27736.72939608009,712
4511.798011206923,28130.4848533199,713
4557.518662535308,28527.582318885972,714
4604.84382779363,28927.93800438242,715
4653.833317680705,29331.46427236549,716
4704.548417616524,29738.069636343524,717
4757.0518877422655,30147.65876077699,718
4811.40796292029,30560.13246107847,719
4867.682352734135,30975.38770361265,720
4925.942241488526,31393.31760569634,721
4986.256288209367,31813.81143559845,722
5048.694626643743,32236.75461254002,723
5113.328865259923,32662.028706694193,724
5180.232087247357,33089.511439186215,725
5249.478850516678,33519.076682093466,726
5321.1451876997,33950.59445844545,727
5395.308606149418,34383.93094222373,728
5472.04808794001,34818.948458362036,729
5551.444089866836,35255.505482746186,730
5633.578543446437,35693.456642214136,731
5718.5348549165365,36132.65271455591,732
5806.39790523604,36572.940628513694,733
5897.2540500850355,37014.16346378175,734
5991.19111986479,37456.16045100648,735
6088.298419697758,37898.76697178639,736
6188.666729427569,38341.81455867209,737
6292.38830361904,38785.13089516632,738
6399.556871558166,39228.53981572392,739
6510.274792771557,39671.766289965766,740
6624.719566311557,40113.904064049886,741
6743.084583812468,40554.405989608254,742
6865.558393019028,40992.81443001536,743
6992.329216824408,41428.6558712225,744
7123.584953270198,41861.440921757756,745
7259.513175546414,42290.664312726,746
7400.301131991493,42715.804897808914,747
7546.135746092302,43136.325653264954,748
7697.2036164841265,43551.67367792938,749
7853.69101695068,43961.28019321424,750
8015.783896424096,44364.56054310839,751
8183.667878984938,44760.91419417746,752
8357.52826386219,45149.72473556389,753
8537.550025433258,45530.35987898691,754
8723.917813223978,45902.17145874253,755
8916.815951908602,46264.49543170357,756
9116.428441309818,46616.65187731965,757
9322.938956398726,46957.94499761716,758
9536.530847294856,47287.66311719929,759
9757.387139266162,47605.07868324605,760
9985.690532729022,47909.44826551421,761
10221.623403248239,48200.01255633735,762
10465.367801537037,48475.99637062584,763
10717.105453457069,48736.60864586685,764
10977.017760018407,48981.04244212434,765
11245.285797379547,49208.47494203905,766
11522.090316847418,49418.067450828545,767
11807.61174487736,49608.96539628715,768
12102.030183073146,49780.298328786004,769
12405.525408186977,49931.17992127303,770
12718.276872119466,50060.70796927297,771
13040.463701919654,50167.96439088731,772
13372.251046556414,50252.08035147256,773
13713.564735866083,50313.20398435059,774
14064.452987756162,50350.59656542107,775
14425.01425884501,50363.153614531475,776
14795.306041586877,50349.87063014045,777
15175.344864271901,50309.84308931781,778
15565.106291026106,50242.266447744485,779
15964.524921811413,50146.43613971263,780
16373.494392425615,50021.7475781255,781
16791.867374502417,49867.69615449754,782
17219.45557551139,49683.87723895437,783
17656.029738758007,49469.986180232736,784
18101.31964338363,49225.818305680565,785
18555.0141043655,48951.26892125694,786
19016.760972516757,48646.33331153209,787
19486.167134486426,48311.106739687435,788
19962.798512759422,47945.78444751553,789
20446.180065656543,47550.661655420095,790
20935.79578733448,47126.13356241601,791
21431.088707785813,46672.69534612933,792
21931.46089283901,46190.94216279725,793
22436.273444158433,45681.56914726813,794
22944.846499244326,45145.37141300149,795
23456.45923143282,44583.244052068025,796
23970.349849895934,43996.18213514957,797
24485.71559964159,43385.280711539126,798
25001.712761513583,42751.73480914086,799
25517.456652191602,42096.839434470094,800
26032.021624191228,41421.989572653314,801
26544.441065863928,40728.68018742815,802
27053.707401397056,40018.50622114343,803
27558.77209081385,39293.1625947591,804
28058.545629973454,38554.444207846296,805
28551.893426373717,37804.25205100965,806
29037.10390733814,37045.40999754313,807
29513.141798164717,36279.863555101365,808
29979.59287371205,35508.666335811904,809
30436.055803525833,34732.85862539813,810
30882.142151838874,33953.467383179246,811
31317.476377571085,33171.50624207028,812
31741.69583432947,32387.975508582083,813
32154.450770408148,31603.86216282134,814
32555.404328788332,30820.13985849054,815
32944.232547138345,30037.76892288802,816
33320.624357813605,29257.696356907923,817
33684.28158785663,28480.85583504023,818
34034.91895899707,27708.16770537074,819
34372.26408765164,26940.538989581073,820
34696.057484924175,26178.86338294868,821
35006.05255660562,25424.02125434683,822
35302.015603174004,24676.879646244633,823
35583.725819794476,23938.292274706997,824
35850.97529631927,23209.099529394676,825
36103.569017287766,22490.128473564237,826
36341.32486192639,21782.19284406808,827
36564.073604148696,21086.093051354423,828
36771.65891255535,20402.616179467303,829
36963.937350434106,19732.535986046605,830
37140.778375759844,19076.612902328012,831
37302.06434119451,18435.594033143043,832
37447.69049408719,17810.21315691904,833
37577.564976474045,17201.19072567917,834
37691.60882507835,16609.23386504243,835
37789.75597131049,16035.036374223633,836
37871.95324126795,15479.278726033419,837
37938.160355735294,14942.628066878253,838
37988.34993018423,14425.738216760412,839
38022.50747477354,13929.24966927803,840
38040.63139434912,13453.789591625035,841
38042.73298844396,12999.971824591194,842
38028.83645127818,12568.396882562098,843
38000.420784307,12157.195146044809,844
37960.51796189487,11761.641448134766,845
37909.77277649185,11380.90693227422,846
37848.75252693644,11014.287750458505,847
37778.004145730716,10661.109557295042,848
37698.0541990403,10320.727510003344,849
37609.40888669442,9992.52626841501,850
37512.554042185875,9675.919994973736,851
37407.955132671,9370.352354735303,852
37296.05725896976,9075.296515367583,853
37177.28515556566,8790.255147150541,854
37052.0431906058,8514.76042297623,855
36920.715365900825,8248.374018348788,856
36783.665316924984,7990.6871113844545,857
36641.23631281611,7741.320382811549,858
36493.751256375566,7499.924015970487,859
36341.51268406834,7266.177696813771,860
36184.80276602294,7039.790613905994,861
36023.88330603151,6820.501458423845,862
35858.99574154973,6608.078424156092,863
35690.361143696864,6402.319207503602,864
35518.18021725575,6203.051007479328,865
35342.6333006728,6010.130525708319,866
35163.88036605801,5823.4439664277015,867
34982.061019184934,5642.9070364867075,868
34797.29449949073,5468.46494534665,869
34609.67968007609,5300.092405080933,870
34419.295067705316,5137.793630375051,871
34226.19880280626,4981.602338526593,872
34030.42865947038,4831.581749445231,873
33832.002045452675,4687.82458565273,874
33630.91600217175,4550.453072282951,875
33427.14720470974,4419.618937081835,876
33220.65196181241,4295.50341040742,877
33011.36621588906,4178.3172252298355,878
32799.205543012584,4068.300617131292,879
32584.902301841546,3964.5214096207937,880
32370.409092092796,3864.1942899047126,881
32155.798335128577,3767.1414926051884,882
31941.057770140036,3673.3087120356627,883
31726.178529634733,3582.640664455216,884
31511.15513943662,3495.081088068568,885
31295.985518686062,3410.5727430260768,886
31080.6709798398,3329.0574114237393,887
30865.216228670994,3250.4758973031912,888
30649.6293642692,3174.7680266517073,889
30433.921879040376,3101.872647402201,890
30218.10865870688,3031.727629433225,891
30002.207982307456,2964.2698645689707,892
29786.24152219727,2899.4352665792676,893
29570.234344047873,2837.158771179585,894
29354.214906847217,2777.374336031031,895
29138.21506289967,2720.0149407403514,896
28922.270057825983,2665.0125868599325,897
28706.418530563307,2612.298297887799,898
28490.702513365202,2561.8021192676133,899
28275.167431801627,2513.4531183886766,900
28059.86210475893,2467.179384585932,901
27844.83874443988,2422.908029139957,902
27630.152956363625,2380.565185276971,903
27415.863739365726,2340.0760081688322,904
27202.03348559814,2301.3646749330364,905
26988.727980529216,2264.3543846327184,906
26776.01640294372,2228.9673582766527,907
26563.971324942806,2195.1248388192516,908
26352.66871194403,2162.7470911605665,909
26142.187922681354,2131.753402146289,910
25932.61170920513,2102.0620805677477,911
25724.02621688212,2073.5904571619108,912
25516.520984395484,2046.2548846113857,913
25310.18894374477,2019.9707375444182,914
25105.126420245946,1994.6524125348926,915
24901.43313253137,1970.2133281023334,916
24699.212192549785,1946.5659247119024,917
24498.570105566367,1923.6216647744009,918
24299.61677016267,1901.2910326462697,919
24102.46547823665,1879.4835346295872,920
23907.232915002656,1858.1076989720705,921
23714.039158991465,1837.0710758670775,922
23523.007682050225,1816.2802374536036,923
23334.265349342502,1795.6407778162825,924
23147.942419348245,1775.0573129853883,925
22964.17254386382,1754.4334809368333,926
22782.91745935132,1733.7729320049248,927
22603.130648977873,1713.661403237947,928
22424.615292792627,1694.1961794756985,929
22247.37195168447,1675.3610906263125,930
22071.40099080669,1657.140277769286,931
21896.702579576988,1639.5181931554775,932
21723.27669167746,1622.4796002071087,933
21551.123105054612,1606.0095735177633,934
21380.241401919364,1590.0934988523886,935
21210.630968747024,1574.7170731472934,936
21042.290996277323,1559.8663045101496,937
20875.220479514384,1545.5275122199919,938
20709.41821772675,1531.6873267272167,939
20544.882814447352,1518.332689653584,940
20381.61267747354,1505.450853792216,941
20219.60601886706,1493.0293831075974,942
20058.860854954077,1481.056152735575,943
19899.375006325143,1469.5193489833596,944
19741.146097835233,1458.4074693295229,945
19584.171558603713,1447.7093224240002,946
19428.44862201437,1437.4140280880893,947
19273.97432571538,1427.5110173144499,948
19120.74551161933,1417.9900322671053,949
18968.75882590322,1408.8411262814407,950
18818.010719008456,1400.054663864204,951
18668.49744564083,1391.6213206935058,952
18520.215064770568,1383.5320836188193,953
18373.159439632273,1375.77825066098,954
18227.326237724974,1368.3514310121861,955
18082.710930812096,1361.2435450359985,956
17939.30879492148,1354.446824267341,957
17797.11491034535,1347.9538114124991,958
17656.124161640364,1341.7573603491217,959
17516.331237627564,1335.8506361262196,960
17377.73063139241,1330.227114964167,961
17240.316640284753,1324.8805842547,962
17104.08336591887,1319.8051425609174,963
16969.024714173425,1314.995199617281,964
16835.1343951915,1310.4454763296146,965
16702.405923380575,1306.1510047751049,966
16570.83261741254,1302.1071282023013,967
16440.407600223683,1298.309501031115,968
16311.123799014707,1294.754088852821,969
16182.973945250716,1291.4371684300563,970
16055.950574661221,1288.35532769682,971
15930.046027240136,1285.5054657584747,972
15805.252447245784,1282.8847928917446,973
15681.561783200888,1280.4908305447175,974
15558.96578789258,1278.3214113368426,975
15437.456018372399,1276.374679058933,976
15317.023835956288,1274.6490886731635,977
15197.660406224593,1273.1434063130719,978
15079.356699022073,1271.8567092835578,979
14962.10348845788,1270.7883860608845,980
14845.891352905583,1269.9381362926767,981
14730.711704286537,1269.3046112306786,982
14616.566138927798,1268.8735092148975,983
14503.449722718467,1268.6401046705191,984
14391.354866982698,1268.6033646304363,985
14280.274019288503,1268.7623040338278,986
14170.199663447762,1269.1159857261564,987
14061.124319516208,1269.6635204591703,988
13953.040543793444,1270.4040668909026,989
13845.940928822938,1271.336831585672,990
13739.818103392014,1272.4610690140807,991
13634.66473253186,1273.7760815530178,992
13530.473517517534,1275.2812194856556,993
13427.237195867949,1276.9758810014525,994
13324.948541345877,1278.8595121961519,995
13223.600363957967,1280.9316070717814,996
13123.185509954717,1283.1917075366543,997
13023.696861830495,1285.6394034053685,998
12925.127338323531,1288.2743323988072,999
12827.469894415914,1291.0961801441385,1000
12730.717521333596,1294.104680174815,1001
12634.863246546398,1297.2996139305753,1002
12539.900133767998,1300.6808107574418,1003
12445.82128295594,1304.2481479077228,1004
12352.619830311623,1308.0015505400113,1005
12260.288948280322,1311.9409917191851,1006
12168.821845551163,1316.066492416407,1007
12078.211767057142,1320.3781215091253,1008
11988.451993975112,1324.8759957810728,1009
11899.53584372579,1329.5602799222672,1010
11811.45666997376,1334.4311865290117,1011
11724.207862627467,1339.488976103894,1012
11637.782847839215,1344.7339570557867,1013
11552.175088005173,1350.1664856998482,1014
11467.378081765375,1355.786966257521,1015
11383.385364003716,1361.595850856533,1016
11300.190505847951,1367.593639530897,1017
11217.787114669702,1373.7808802209108,1018
11136.16883408445,1380.1581687731573,1019
11055.32934395154,1386.7261489405041,1020
10975.262360374185,1393.4855123821042,1021
10895.961635699452,1400.4369986633951,1022
10817.420958518274,1407.5813952560998,1023
10739.634153665449,1414.919537538226,1024
10662.595082219636,1422.4523087940663,1025
10586.297641503359,1430.1806402141983,1026
10510.735765082996,1438.105510895485,1027
10435.903422768799,1446.2279478410737,1028
10361.794620614879,1454.5490259603976,1029
10288.403400919206,1463.069868069174,1030
10215.723842223615,1471.7916448894055,1031
10143.750059313803,1480.7155750493798,1032
10072.476203219334,1489.8429250836698,1033
10001.89646121363,1499.1750094331328,1034
9932.005056813978,1508.7131904449116,1035
9862.796249781524,1518.4588783724334,1036
9794.264336121283,1528.4135313754114,1037
9726.403648082125,1538.5786555198429,1038
9659.208554156792,1548.9558047780101,1039
9592.673459081881,1559.546581028481,1040
9526.792803837852,1570.3526340561077,1041
9461.561065649033,1581.375661552028,1042
9396.972757983613,1592.6174091136645,1043
9333.022430553641,1604.0796702447246,1044
9269.70466931503,1615.7642863552007,1045
9207.014096467554,1627.6731467613704,1046
9144.945370454852,1639.808188685796,1047
9083.496808668413,1652.173658794134,1048
9022.669764015794,1664.7758894519752,1049
8962.45867046144,1677.6170733654003,1050
8902.857847277519,1690.6993924594256,1051
8843.8616694846,1704.025122806863,1052
8785.464567851663,1717.5966346283205,1053
8727.661028896073,1731.4163922922016,1054
8670.445594883608,1745.486954314705,1055
8613.81286382844,1759.8109733598258,1056
8557.757489493146,1774.3911962393543,1057
8502.274181388704,1789.2304639128768,1058
8447.35770477449,1804.3317114877752,1059
8393.00288065828,1819.6979682192273,1060
8339.204585796257,1835.3323575102065,1061
8285.957752692999,1851.2380969114813,1062
8233.257369601488,1867.418498121617,1063
8181.098480523105,1883.8769669869735,1064
8129.4761852076335,1900.6170035017076,1065
8078.385639153255,1917.6422018077703,1066
8027.822053606558,1934.95625019491,1067
7977.780695562526,1952.5629311006692,1068
7928.2568877645435,1970.4661211103871,1069
7879.246008704401,1988.6697909571988,1070
7830.743492622284,2007.178005522034,1071
7782.744829506783,2025.994923833619,1072
7735.245565094889,2045.1247990684756,1073
7688.24130087199,2064.571978550921,1074
7641.727694071879,2084.3409037530687,1075
7595.70045767675,2104.436110294828,1076
7550.155360417196,2124.862227943902,1077
7505.08822677221,2145.623980615792,1078
7460.494936969189,2166.726186373794,1079
7416.371426983929,2188.173757428999,1080
7372.713688540626,2209.9717001402955,1081
7329.517769111879,2232.1251150143657,1082
7286.779771918687,2254.6391967056884,1083
7244.49585593045,2277.5192340165386,1084
7202.662235864968,2300.7706098969857,1085
7161.275182188443,2324.398801444896,1086
7120.331021115478,2348.409379905931,1087
7079.826134609076,2372.8080106735483,1088
7039.7569603806405,2397.6004532890006,1089
7000.119991889979,2422.7925614413366,1090
6960.911778345297,2448.3902829674007,1091
6922.128924703198,2474.3996598518333,1092
6883.768091668694,2500.826828227069,1093
6845.825995695193,2527.6780183733413,1094
6808.299408984505,2554.959554718676,1095
6771.185159486839,2582.677855838896,1096
6734.480130900809,2610.83943445762,1097
6698.1812626734245,2639.450897446263,1098
6662.2855500001015,2668.5189458240347,1099
6626.7900438246525,2698.0503747579396,1100
6591.691850839293,2728.0520735627815,1101
6556.988133484639,2758.531025701155,1102
6522.676109949708,2789.4943087834545,1103
6488.753054171917,2820.949094567868,1104
6455.216295837085,2852.9026489603802,1105
6422.063220379433,2885.36233201477,1106
6389.29126898158,2918.3355979326134,1107
6356.897938574547,2951.8299950632836,1108
6324.880781837756,2985.8531659039445,1109
6293.237407199035,3020.412847099561,1110
6261.9654788346015,3055.5168694428903,1111
6231.062716669082,3091.1731578744875,1112
6200.526896375507,3127.3897314827022,1113
6170.3558493753,3164.1747035036788,1114
6140.547462838287,3201.5362813213615,1115
6111.099679682699,3239.482766467483,1116
6082.010498575165,3278.0225546215797,1117
6053.277973930716,3317.1641356109776,1118
6024.900215912781,3356.916093410802,1119
5996.875390433196,3397.287106143973,1120
5969.201719152192,3438.285946081204,1121
5941.8774794784,3479.9214796410083,1122
5914.90100456886,3522.2026673896917,1123
5888.270683329006,3565.1385640413573,1124
5861.984960412673,3608.7383184579026,1125
5836.042336222103,3653.011173649022,1126
5810.441366907928,3697.9664667722063,1127
5785.1806643691925,3743.6136291327384,1128
5760.258896253335,3789.9621861837013,1129
5735.6747859561965,3837.0217575259708,1130
5711.427112622018,3884.8020569082214,1131
5687.514711143445,3933.3128922269175,1132
5663.936472161522,3982.5641655263266,1133
5640.69134206569,4032.5658729985057,1134
5617.778322993797,4083.328104983312,1135
5595.196472832091,4134.861045968397,1136
5572.944905215214,4187.174974589203,1137
5551.022789526222,4240.280263628978,1138
5529.429350896559,4294.187380018757,1139
5508.163870206076,4348.906884837374,1140
5487.225684083026,4404.44943331146,1141
5466.61418490406,4460.825774815437,1142
5446.32882079423,4518.04675287153,1143
5426.3690956269875,4576.123305149753,1144
5406.734569024193,4635.066463467918,1145
5387.424856356099,4694.887353791635,1146
5368.439628741358,4755.597196234307,1147
5349.778613047037,4817.207305057132,1148
5331.441591888586,4879.729088669106,1149
5313.428403629867,4943.174049627021,1150
5295.738942383139,5007.553784635462,1151
5278.373158009064,5072.879984546812,1152
5261.3310561167045,5139.164434361249,1153
5244.612698063523,5206.419013226746,1154
5228.218200955381,5274.655694439072,1155
5212.147737646545,5343.886545441793,1156
5196.401536739681,5414.123727826269,1157
5180.979882585853,5485.379497331658,1158
5165.8831152845305,5557.66620384491,1159
5151.111630683579,5630.996291400775,1160
5136.665880379272,5705.382298181794,1161
5122.546371716277,5780.836856518308,1162
5108.7536677876615,5857.372692888452,1163
5095.308713240693,5934.937763200309,1164
5082.243758872615,6013.442936746529,1165
5069.552980818983,6092.92004745774,1166
5057.230143188324,6173.4027288848765,1167
5045.269300346842,6254.924182353724,1168
5033.6647969184205,6337.517176964918,1169
5022.4112677846215,6421.214049593946,1170
5011.503638084682,6506.046704891142,1171
5000.937123215521,6592.046615281695,1172
4990.70722883173,6679.24482096564,1173
4980.809750845585,6767.671929917865,1174
4971.240775427034,6857.358117888105,1175
4961.996679003707,6948.333128400948,1176
4953.074128260909,7040.626272755831,1177
4944.470080141625,7134.2664300270435,1178
4936.181781846516,7229.282047063721,1179
4928.206770833924,7325.701138489851,1180
4920.542874819863,7423.551286704273,1181
4913.188211778033,7522.859641880674,1182
4906.141189939805,7623.652921967592,1183
4899.400507794232,7725.957412688416,1184
4892.965154088042,7829.7989675413855,1185
4886.834407825644,7935.203007799588,1186
4881.007838269122,8042.194522510963,1187
4875.48530493824,8150.7980684982995,1188
4870.266957610437,8261.037770359237,1189
4865.353236320835,8372.937320466264,1190
4860.744871362229,8486.519978966722,1191
4856.4428832850945,8601.8085737828,1192
4852.448582897583,8718.825500611536,1193
4848.763571265526,8837.592722924825,1194
4845.389739712431,8958.131771969402,1195
4842.329269819486,9080.463746766862,1196
4839.584633425554,9204.60931411364,1197
4837.158592627177,9330.588708581034,1198
4835.054199778577,9458.42173251518,1199
4833.274797491648,9588.127756037069,1200
4831.824018635971,9719.725717042547,1201
4830.7057863387945,9853.234121202302,1202
4829.924313985053,9988.671041961874,1203
4829.484105217357,10126.054120541658,1204
4829.389953935992,10265.400565936894,1205
4829.646944298923,10406.727154917677,1206
4830.260450721795,10550.050232028945,1207
4831.236137877929,10695.385709590497,1208
4832.579960698322,10842.749067696968,1209
4834.298164371652,10992.155354217857,1210
4836.397284344274,11143.619184797504,1211
4838.8841463202225,11297.154742855106,1212
4841.765866261205,11452.7757795847,1213
4845.049850386612,11610.495613955183,1214
4848.743795173509,11770.3271327103,1215
4852.855687356641,11932.282790368645,1216
4857.39380392843,12096.374609223658,1217
4862.366712138976,12262.614179343636,1218
4867.783269496058,12431.012658571726,1219
4873.65262376513,12601.58077252592,1220
4879.984212969327,12774.328814599061,1221
4886.787765389461,12949.266645958847,1222
4894.073299564021,13126.40369554782,1223
4901.851124289175,13305.74896008338,1224
4910.131838618768,13487.311004057767,1225
4918.926331864323,13671.097959738081,1226
4928.245783595043,13857.117527166265,1227
4938.101663637804,14045.376974159117,1228
4948.505732077167,14235.883136308283,1229
4959.470039255364,14428.642416980256,1230
4971.006925772308,14623.660787316385,1231
4983.129022485591,14820.943786232865,1232
4995.849250510481,15020.49652042075,1233
5009.180821219925,15222.323664345924,1234
5023.137236244546,15426.429460249148,1235
5037.732287472648,15632.817718146009,1236
5052.98005705021,15841.491815826957,1237
5068.8949173808915,16052.454698857293,1238
5085.491531126027,16265.708880577162,1239
5102.784851204631,16481.256442101563,1240
5120.790120793396,16699.099032320348,1241
5139.522873326691,16919.237867898206,1242
5158.998932496564,17141.673733274692,1243
5179.234412252739,17366.4069806642,1244
5200.245716802622,17593.437530055988,1245
5222.049540611292,17822.764869214145,1246
5244.66286840151,18054.388053677627,1247
5268.102975153713,18288.30570676023,1248
5292.387426106014,18524.51601955061,1249
5317.5340767542075,18763.016750912255,1250
5343.561072851765,19003.80522748352,1251
5370.486850409834,19246.87834367761,1252
5398.3301356972415,19492.23256168257,1253
5427.109945240492,19739.863911461303,1254
5456.8455858237685,19989.767990751556,1255
5487.556654488929,20241.939965065932,1256
5519.263038535515,20496.374567691884,1257
5551.984915520741,20753.066099691707,1258
5585.7427532595,21012.008429902562,1259
5620.557309824367,21273.194994936435,1260
5656.449633545588,21536.618799180196,1261
5693.441063011092,21802.272414795538,1262
5731.553227066487,22070.147981719012,1263
5770.808044815053,22340.237207662016,1264
5811.227725617755,22612.53136811081,1265
5852.83476909323,22887.021306326496,1266
5895.651965117793,23163.69743334502,1267
5939.702393825444,23442.54972797719,1268
5985.00536013564,23723.560842849278,1269
6031.513672252167,24006.565997992704,1270
6079.255731419013,24291.44414115974,1271
6128.295347357457,24578.117728945643,1272
6178.696166854233,24866.503701182424,1273
6230.52167376151,25156.513480938884,1274
6283.835188996909,25448.052974520582,1275
6338.699870543492,25741.02257146985,1276
6395.178713449768,26035.317144565794,1277
6453.334549829692,26330.82604982429,1278
6513.2300488626615,26627.433126497977,1279
6574.927716793521,26925.016697076284,1280
6638.489896932558,27223.44956728539,1281
6703.978769655507,27522.599026088254,1282
6771.4563524035475,27822.326845684605,1283
6840.984499683303,28122.48928151094,1284
6912.624903066842,28422.93707224054,1285
6986.439091191679,28723.515439783438,1286
7062.488429760773,29024.064089286447,1287
7140.834121542529,29324.417209133153,1288
7221.537206370795,29624.403470943907,1289
7304.6585611448645,29923.846029575834,1290
7390.25889982948,30222.56252312283,1291
7478.398773454822,30520.36507291556,1292
7569.138570116522,30817.060283521463,1293
7662.538514975654,31112.449242744744,1294
7758.658670258737,31406.327521626386,1295
7857.558935257736,31698.485174444137,1296
7959.299046330061,31988.706738712513,1297
8063.938576898568,32276.771235182812,1298
8171.536937451552,32562.45216784309,1299
8282.153375542763,32845.517523918184,1300
8395.846975791386,33125.72977386969,1301
8512.676659882058,33402.845871395984,1302
8632.701186564862,33676.617253432225,1303
8755.979151655318,33946.78984015032,1304
8882.568988034396,34213.104034958946,1305
9012.528965648517,34475.29472450357,1306
9145.917191509534,34733.09127866641,1307
9282.791609694756,34986.217550566485,1308
9423.210001346932,35234.39187655955,1309
9567.229984674257,35477.32707623815,1310
9714.909014950372,35714.73045243159,1311
9866.304384514362,35946.303791205966,1312
10021.473222770757,36171.743361864115,1313
10180.472496189534,36390.73991694567,1314
10343.35900830611,36602.97869222703,1315
10510.189399721352,36808.13940672134,1316
10681.020148101574,37005.896262678565,1317
10855.907568178527,37195.91794558539,1318
11034.907811749414,37377.8676241653,1319
11218.076867676878,37551.40295037855,1320
11405.470561889013,37716.17605942215,1321
11597.144557379357,37871.83356972989,1322
11793.154354206883,38018.01658297234,1323
11993.555289496022,38154.360684056825,1324
12198.402537436645,38280.49594112745,1325
12407.751109284067,38396.046905565076,1326
12621.655853359047,38500.63261198737,1327
12840.171455047797,38593.86657824873,1328
13063.35243680196,38675.35680544035,1329
13291.25315813864,38744.70577789019,1330
13523.927815640373,38801.51046316296,1331
13761.430442955147,38845.36231206018,1332
14003.814910796395,38875.847258620095,1333
14251.134926942988,38892.54572011776,1334
14503.444036239254,38895.03259706499,1335
14760.795620594956,38882.87727321035,1336
15023.242898985303,38855.64361553922,1337
15290.837537972835,38812.99384738623,1338
15563.46757579739,38754.91184235371,1339
15840.88797921546,38681.37282490405,1340
16122.849366669805,38592.369310781345,1341
16409.099781337718,38487.91463089462,1342
16699.384691131032,38368.04293131782,1343
16993.446988696116,38232.809173289796,1344
17291.026991413888,38082.289133214355,1345
17591.8624413998,37916.5794026602,1346
17895.68850550384,37735.797388360974,1347
18202.237775310543,37540.08131221524,1348
18511.24026713898,37329.59021128647,1349
18822.423422042753,37104.503937803085,1350
19135.51210581003,36865.023159158416,1351
19450.228608963487,36611.369357910706,1352
19766.29264676036,36343.78483178315,1353
20083.421359192416,36062.532693663845,1354
20401.32931098596,35767.896871605815,1355
20719.728491601847,35460.182108827015,1356
21038.328315235463,35139.71396371031,1357
21356.83562081673,34806.83880980351,1358
21674.954672010128,34461.923835819325,1359
21992.38715721465,34105.35704563541,1360
22308.83218956385,33737.54725829432,1361
22623.986306925817,33358.92410800356,1362
22937.543471903165,32969.93804413553,1363
23249.195071833074,32571.060331227585,1364
23558.629918787236,32162.783048981983,1365
23865.5342495719,31745.61909226591,1366
24169.591725727856,31320.102171111477,1367
24470.48343353042,30886.78681071572,1368
24767.88788398946,30446.24835144059,1369
25061.48101284938,29999.082948812975,1370
25350.936180589113,29545.907573524673,1371
25635.92417242215,29087.360011432418,1372
25916.113198296513,28624.09886355786,1373
26191.168892894762,28156.803546087576,1374
26460.754315633996,27686.17429037307,1375
26724.529950665856,27212.932142930753,1376
26982.153706876525,26737.818965441977,1377
27233.280917886717,26261.59743475302,1378
27477.5643420517,25785.05104287507,1379
27714.63169912832,25308.987689854155,1380
27943.955268993384,24834.14587920153,1381
28165.373540038556,24360.975917909076,1382
28378.82639363216,23889.874209118825,1383
28584.260415586257,23421.223418450692,1384
28781.62889615661,22955.39247400246,1385
28970.89183004272,22492.73656634979,1386
29152.015916387794,22033.59714854623,1387
29324.97455877875,21578.30193612319,1388
29489.747865246252,21127.16490708996,1389
29646.322648264653,20680.48630193371,1390
29794.692424752044,20238.552623619486,1391
29934.857416070226,19801.636637590207,1392
30066.824548024728,19369.997371766673,1393
30190.60745086478,18943.880116547552,1394
30306.226459283353,18523.5164248094,1395
30413.70861241712,18109.124111906644,1396
30513.08765384648,17700.907255671576,1397
30604.40403159555,17299.05619641439,1398
30687.704898132168,16903.74753692313,1399
30763.044110367886,16515.144142463723,1400
30830.482229657977,16133.395140779994,1401
30890.086521801433,15758.63592209361,1402
30941.930957040968,15390.988139104142,1403
30986.096210063006,15030.559706989021,1404
31022.6696599977,14677.44480340356,1405
31051.745390418917,14331.72386848095,1406
31073.424189344245,13993.463604832257,1407
31087.813549234983,13662.716977546424,1408
31095.02766699616,13339.523214190262,1409
31095.187443976516,13023.907804808478,1410
31088.420485968512,12715.882501923626,1411
31074.861103208335,12415.44532053617,1412
31054.650310375877,12122.580538124423,1413
31027.93582659476,11837.258694644586,1414
30994.87207543232,11559.436592530732,1415
30955.62018489961,11289.057296694822,1416
30910.347987451405,11026.05013452668,1417
30859.2300199862,10770.33069589401,1418
30802.44752384621,10521.800833142393,1419
30740.188444817366,10280.34866109529,1420
30672.647433129307,10045.84855705403,1421
30600.02584345542,9818.16116079783,1422
30522.57161759087,9597.20407521404,1423
30440.547966078168,9382.870628557403,1424
30354.152935517322,9174.924595377408,1425
30263.579340037533,8973.135443215877,1426
30169.015266903047,8777.279333328373,1427
30070.644076513134,8587.139120684209,1428
29968.644402402093,8402.504353966438,1429
29863.190151239276,8223.171275571862,1430
29754.450502829048,8048.942821611025,1431
29642.589910110823,7879.628621908216,1432
29527.76809915904,7715.04500000147,1433
29410.14006918318,7555.01497314257,1434
29289.85609252774,7399.368252297036,1435
29167.06171467228,7247.941242144141,1436
29041.897754231366,7100.577041076899,1437
28914.500302954613,6957.125441202068,1438
28785.000725726666,6817.442928340155,1439
28653.525660567208,6681.3926820254055,1440
28520.197018630948,6548.844575505817,1441
28385.131984207634,6419.675175743128,1442
28248.443014722052,6293.767743412822,1443
28110.23784073401,6171.012232904128,1444
27970.61946593836,6051.305292320018,1445
27829.686167164986,5934.550263477215,1446
27687.531494378803,5820.657181906179,1447
27544.24427067976,5709.542776851122,1448
27399.908592302847,5601.130471269995,1449
27254.603828618077,5495.350381834497,1450
27108.404622130507,5392.139318930072,1451
26961.380888480217,5291.440786655908,1452
26813.597816442332,5193.204982824939,1453
26665.11586792701,5097.388798963842,1454
26515.99077797943,5003.955820313042,1455
26366.273554779815,4912.876325826703,1456
26216.010479643428,4824.127288172744,1457
26065.243107020553,4737.692373732818,1458
25914.00826449652,4653.561942602329,1459
25762.338052791678,4571.733048590425,1460
25610.259845761422,4492.209439219999,1461
25457.796290396178,4415.001555727689,1462
25304.965306821403,4340.126533063877,1463
25151.780088297593,4267.608199892689,1464
24998.249101220277,4197.477078591998,1465
24844.376085120013,4129.770385253424,1466
24690.160052662395,4064.5320296823265,1467
24535.595289648052,4001.812615397812,1468
24380.67135501265,3941.669439632733,1469
24225.37308082688,3884.166493333688,1470
24069.68057229648,3829.374461161019,1471
23913.569207762204,3777.370721488809,1472
23757.400050292363,3727.546838864912,1473
23601.57191305265,3679.2103633586953,1474
23446.11209319724,3632.319469087365,1475
23291.04719021046,3586.8332265032213,1476
23136.403105936493,3542.711602341237,1477
22982.20504457942,3499.9154596190574,1478
22828.47751270317,3458.4065576370012,1479
22675.24431923157,3418.147551978059,1480
22522.528575448297,3379.1019945078933,1481
22370.352694996924,3341.2343333748418,1482
22218.738393880878,3304.5099130099115,1483
22067.706690463474,3268.8949741267847,1484
21917.277905467898,3234.3566537218153,1485
21767.4716619772,3200.8629850740294,1486
21618.306885434322,3168.3828977451267,1487
21469.80180364206,3136.8862175794784,1488
21321.973946763097,3106.343666704129,1489
21174.84014731998,3076.7268635287965,1490
21028.41654019514,3048.00832274587,1491
20882.71856263088,3020.1614553304116,1492
20737.76095422937,2993.1605685401564,1493
20593.557756952654,2966.980865915513,1494
20450.122315122655,2941.59844727956,1495
20307.467275421175,2916.990308738051,1496
20165.604586889873,2893.1343426794124,1497
20024.545500930297,2870.0093377747407,1498
19884.30057130386,2847.594978977808,1499
19744.879654131848,2825.871847525057,1500
19606.291907895436,2804.821420935604,1501
19468.545793435653,2784.426073011238,1502
19331.64907395341,2764.6690738364196,1503
19195.608815009495,2745.534589778283,1504
19060.431384524563,2727.007683486635,1505
18926.122452779146,2709.0743138939542,1506
18792.686992413655,2691.7213362153934,1507
18660.12927842836,2674.936501948776,1508
18528.45288818343,2658.7084588746,1509
18397.660701398876,2643.0267510560343,1510
18267.75490015461,2627.8818188389214,1511
18138.736968890396,2613.264998851777,1512
18010.607694405895,2599.1685240057886,1513
17883.367165860618,2585.585523494816,1514
17757.014774773972,2572.5100227953917,1515
17631.54921502521,2559.9369436667216,1516
17506.968482853492,2547.862104150684,1517
17383.269876857827,2536.2822185718305,1518
17260.449997997104,2525.1948975373825,1519
17138.504749590094,2514.5986479372377,1520
17017.42933731543,2504.492872943964,1521
16897.218269211622,2494.877872012802,1522
16777.865355677062,2485.754840881668,1523
16659.363709470003,2477.125871571147,1524
16541.705745708583,2468.993952384498,1525
16424.883181870806,2461.3629679076525,1526
16308.887037794555,2454.237699009216,1527
16193.70763567758,2447.6238228404654,1528
16079.334600077511,2441.5279128353504,1529
15965.756857911854,2435.957438710492,1530
15852.993561073461,2430.875607124402,1531
15741.105300125448,2426.185096583941,1532
15630.09112088598,2421.878563260778,1533
15519.947680357402,2417.952220748304,1534
15410.671610819993,2414.402386617858,1535
15302.259519831976,2411.2254824187225,1536
15194.707990229525,2408.4180336781246,1537
15088.01358012675,2405.9766699012375,1538
14982.172822915705,2403.89812457118,1539
14877.182227266389,2402.1792351490144,1540
14773.038277126747,2400.8169430737503,1541
14669.737431722662,2399.808293762341,1542
14567.276125557963,2399.1504366096856,1543
14465.650768414422,2398.840624988628,1544
14364.857745351754,2398.8762162499575,1545
14264.893416707619,2399.2546717224086,1546
14165.754118097619,2399.9735567126613,1547
14067.436160415293,2401.03054050534,1548
13969.935829832139,2402.423396363015,1549
13873.249387797581,2404.1500015262013,1550
13777.373071039001,2406.2083372133593,1551
13682.30309156171,2408.596488620895,1552
13588.035636648972,2411.312644923158,1553
13494.566868861995,2414.355099272446,1554
13401.892926039925,2417.7222487989984,1555
13310.009921299856,2421.412594611002,1556
13218.91394303682,2425.424741794589,1557
13128.60105492379,2429.757399413835,1558
13039.0672959117,2434.409380510763,1559
12950.308680229404,2439.379602105339,1560
12862.321197383715,2444.6670851954755,1561
12775.100812159384,2450.27095475703,1562
12688.643464619105,2456.190439743805,1563
12602.945070103511,2462.424873087548,1564
12518.001519231193,2468.9736916979523,1565
12433.808677898667,2475.836436462656,1566
12350.362387280406,2483.0127522472417,1567
12267.658463828817,2490.502387895239,1568
12185.69269927426,2498.30519622812,1569
12104.460860625024,2506.4211340453053,1570
12023.958690167357,2514.850262124158,1571
11944.181905465442,2523.5927452199867,1572
11865.126199361408,2532.648852066047,1573
11786.78723997532,2542.018955373537,1574
11709.160670705198,2551.7035318316034,1575
11632.242110226998,2561.7031621073343,1576
11556.027152494618,2572.018530845766,1577
11480.511366739905,2582.6504266698776,1578
11405.690297472647,2593.5997421805955,1579
11331.559464480573,2604.86747395679,1580
11258.114362829354,2616.454722555277,1581
11185.350462862612,2628.3626925108174,1582
11113.263210201907,2640.592692336117,1583
11041.848025746738,2653.1461345218286,1584
10971.10030567456,2666.024535536547,1585
10901.015421440756,2679.229515826815,1586
10831.588719778667,2692.762799817119,1587
10762.81552269956,2706.626215909891,1588
10694.691127492664,2720.8216964855087,1589
10627.210806725141,2735.3512779022944,1590
10560.369808242094,2750.2171004965157,1591
10494.163593531823,2765.4214343176586,1592
10428.591712296009,2780.967069327726,1593
10363.651184388951,2796.8565519017525,1594
10299.337506376092,2813.092337232779,1595
10235.64621746627,2829.676966212897,1596
10172.572899511722,2846.613065433244,1597
10110.11317700809,2863.9033471840094,1598
10048.262717094412,2881.550609454428,1599
9987.017229553128,2899.5577359327845,1600
9926.372466810079,2917.9276960064126,1601
9866.324223934498,2936.663544761693,1602
9806.868338639031,2955.768422984057,1603
9748.000691279714,2975.245557157982,1604
9689.717204855986,2995.098259466996,1605
9632.013845010686,3015.3299277936735,1606
9574.886620030053,3035.9440457196397,1607
9518.331580843726,3056.944182525567,1608
9462.34482102474,3078.333993191177,1609
9406.922476789543,3100.1172183952385,1610
9352.060726997966,3122.29768451557,1611
9297.755793153252,3144.879303629038,1612
9244.003939402037,3167.8660735115586,1613
9190.80147253436,3191.2620776380945,1614
9138.14474198366,3215.0714851826588,1615
9086.030139826778,3239.2985510183116,1616
9034.454100783949,3263.947615717163,1617
8983.413102218812,3289.0231055503696,1618
8932.903664138406,3314.5295324881386,1619
8882.92234919317,3340.4714941997245,1620
8833.465762676942,3366.8536740534305,1621
8784.530552526961,3393.6808411166085,1622
8736.113409323863,3420.9578501556593,1623
8688.211066291691,3448.6896416360314,1624
8640.820299297877,3476.881241722222,1625
8593.937926853265,3505.537762277777,1626
8547.560810112089,3534.664400865291,1627
8501.685852871988,3564.266440746407,1628
8456.310001574,3594.3492508818167,1629
8411.430245302565,3624.9182859312587,1630
8367.043615785518,3655.9790862535233,1631
8323.147187394101,3687.537277906446,1632
8279.738077142947,3719.598572646913,1633
8236.813444690097,3752.168767930858,1634
8194.370492336988,3785.2537469132635,1635
8152.406465028456,3818.859478448161,1636
8110.918650352743,3852.9920170886294,1637
8069.904378541482,3887.6575030867966,1638
8029.361022469714,3922.86216239384,1639
7989.285997655875,3958.612306659984,1640
7949.676762261803,3994.914333234503,1641
7910.5308170927365,4031.7747251657174,1642
7871.84570559731,4069.2000512009995,1643
7833.619013867565,4107.196965786768,1644
7795.848370638934,4145.772209068489,1645
7758.531447290258,4184.932606890681,1646
7721.665957843775,4224.685070796908,1647
7685.24965896512,4265.036598029782,1648
7649.28034996333,4305.994271530966,1649
7613.755872790844,4347.565259941169,1650
7578.674112043498,4389.7568176001505,1651
7544.03299496053,4432.576284546717,1652
7509.8304914245755,4476.031086518725,1653
7476.064613961673,4520.128734953079,1654
7442.7334177412595,4564.876826985731,1655
7409.835000576171,4610.2830454516825,1656
7377.367502922644,4656.355158884983,1657
7345.329107880318,4703.101021518732,1658
7313.718041192225,4750.528573285074,1659
7282.532571244808,4798.645839815207,1660
7251.771009067899,4847.460932439372,1661
7221.431708334737,4896.982048186865,1662
7191.513065361957,4947.217469786023,1663
7162.013519109598,4998.175565664237,1664
7132.931551181094,5049.864789947946,1665
7104.265685823284,5102.293682462634,1666
7076.014489926402,5155.470868732838,1667
7048.176573024086,5209.40505998214,1668
7020.7505872933725,5264.105053133175,1669
6993.7352275546955,5319.579730807619,1670
6967.129231271894,5375.8380613262025,1671
6940.931378552207,5432.889098708705,1672
6915.1404921462645,5490.74198267395,1673
6889.755437448106,5549.405938639813,1674
6864.775122495167,5608.890277723217,1675
